{"eval/steps_per_second":0.349,"train_steps_per_second":0.123,"eval/samples_per_second":4.764,"train/epoch":3,"train/grad_norm":86.7491683959961,"_wandb":{"runtime":1438},"train_loss":0.6592466723447465,"_runtime":1438.677454455,"eval/runtime":17.213,"_step":38,"train/loss":0.3008,"train/global_step":177,"train_runtime":1438.7126,"_timestamp":1.7335064061190765e+09,"train_samples_per_second":1.708,"total_flos":4.842850463278128e+16,"eval/loss":0.6713132262229919,"train/learning_rate":3.034661341025258e-08}